c3d1fc,127.0.0.1,GET,http://localhost:8000/bolt/extend/menueditor,1479930484,,200
a67ca3,127.0.0.1,POST,http://localhost:8000/bolt/extend/menueditor,1479930491,,301
7cded7,127.0.0.1,GET,http://localhost:8000/bolt/extend/menueditor,1479930491,,200
2c944b,127.0.0.1,GET,http://localhost:8000/ziekteverzuim/info,1479930498,,200
4eeb08,127.0.0.1,GET,http://localhost:8000/ziekteverzuim/info,1479930746,,200
9916b1,127.0.0.1,POST,http://localhost:8000/bolt/extend/menueditor,1479930820,,301
e9dd50,127.0.0.1,GET,http://localhost:8000/bolt/extend/menueditor,1479930821,,200
6a0fec,127.0.0.1,GET,http://localhost:8000/async/lastmodified/blocks,1479940269,60e21f,200
60e21f,127.0.0.1,GET,http://localhost:8000/bolt/overview/blocks,1479940269,,200
d03dab,127.0.0.1,GET,http://localhost:8000/async/lastmodified/blocks,1479940272,363a84,200
13dc23,127.0.0.1,GET,http://localhost:8000/async/stack/show?items=10,1479940272,363a84,200
363a84,127.0.0.1,GET,http://localhost:8000/bolt/editcontent/blocks,1479940272,,200
0b29f5,127.0.0.1,GET,http://localhost:8000/thumbs/100x100c/2016-11/ziekteverzuim.png,1479940273,,200
4bb08b,127.0.0.1,GET,http://localhost:8000/thumbs/100x100c/2016-11/bemiddeling.png,1479940273,,200
962484,127.0.0.1,GET,http://localhost:8000/async/makeuri?contenttypeslug=blocks&fulluri=false&id=&slugfield=slug&title=,1479940274,,200
616483,127.0.0.1,GET,http://localhost:8000/async/lastmodified/pages,1479940937,edf204,200
edf204,127.0.0.1,GET,http://localhost:8000/bolt/overview/pages,1479940937,,200
692135,127.0.0.1,GET,http://localhost:8000/ziekteverzuim/preventie,1479940989,,200
ce1d8f,127.0.0.1,GET,http://localhost:8000/ziekteverzuim/advies,1479940994,,200
32f21f,127.0.0.1,GET,http://localhost:8000/ziekteverzuim/ondersteuning,1479940998,,200
2c5dfe,127.0.0.1,GET,http://localhost:8000/bemiddeling/voor-wie,1479941001,,200
fa55bb,127.0.0.1,GET,http://localhost:8000/bemiddeling/waar,1479941004,,200
468dc7,127.0.0.1,GET,http://localhost:8000/async/lastmodified/bemiddeling-contact,1479941015,a00aef,200
a00aef,127.0.0.1,GET,http://localhost:8000/bolt/overview/bemiddeling_contact,1479941015,,200
e1bab9,127.0.0.1,GET,http://localhost:8000/async/lastmodified/bemiddeling,1479941019,727e5d,200
bd610b,127.0.0.1,GET,http://localhost:8000/async/stack/show?items=10,1479941019,727e5d,200
727e5d,127.0.0.1,GET,http://localhost:8000/bolt/editcontent/bemiddeling/3,1479941019,,200
ee4329,127.0.0.1,GET,http://localhost:8000/thumbs/100x100c/2016-11/ziekteverzuim.png,1479941019,,200
c67fd9,127.0.0.1,GET,http://localhost:8000/thumbs/100x100c/2016-11/bemiddeling.png,1479941020,,200
2bd7cf,127.0.0.1,POST,http://localhost:8000/bolt/editcontent/bemiddeling/3?returnto=ajax,1479941030,,200
0afc01,127.0.0.1,GET,http://localhost:8000/async/omnisearch?q=weknemer,1479941052,,200
2f942b,127.0.0.1,GET,http://localhost:8000/async/lastmodified/ziekteverzuim,1479941057,b1e8d8,200
6f136a,127.0.0.1,GET,http://localhost:8000/async/stack/show?items=10,1479941057,b1e8d8,200
b1e8d8,127.0.0.1,GET,http://localhost:8000/bolt/editcontent/ziekteverzuim/5,1479941057,,200
478717,127.0.0.1,GET,http://localhost:8000/thumbs/200x150b/2016-11/ziekteverzuim.png,1479941058,,200
457864,127.0.0.1,GET,http://localhost:8000/thumbs/100x100c/2016-11/ziekteverzuim.png,1479941059,,200
31a801,127.0.0.1,GET,http://localhost:8000/thumbs/100x100c/2016-11/bemiddeling.png,1479941059,,200
923470,127.0.0.1,POST,http://localhost:8000/bolt/editcontent/ziekteverzuim/5?returnto=ajax,1479941082,,200
8da708,127.0.0.1,GET,http://localhost:8000/async/omnisearch?q=indirecte%20kosten,1479941144,,200
3f0e5c,127.0.0.1,GET,http://localhost:8000/async/lastmodified/ziekteverzuim,1479941146,64789a,200
6f7d6d,127.0.0.1,GET,http://localhost:8000/async/stack/show?items=10,1479941146,64789a,200
64789a,127.0.0.1,GET,http://localhost:8000/bolt/editcontent/ziekteverzuim/5,1479941146,,200
aba7fb,127.0.0.1,GET,http://localhost:8000/thumbs/200x150b/2016-11/ziekteverzuim.png,1479941146,,200
d015c7,127.0.0.1,GET,http://localhost:8000/thumbs/100x100c/2016-11/ziekteverzuim.png,1479941147,,200
b8fab6,127.0.0.1,GET,http://localhost:8000/thumbs/100x100c/2016-11/bemiddeling.png,1479941147,,200
c79b82,127.0.0.1,POST,http://localhost:8000/bolt/editcontent/ziekteverzuim/5?returnto=ajax,1479941168,,200
edbc6c,127.0.0.1,GET,http://localhost:8000/bemiddeling/waar,1479941179,,200
50ed90,127.0.0.1,GET,http://localhost:8000/ziekteverzuim/info,1479941185,,200
308311,127.0.0.1,GET,http://localhost:8000/async/lastmodified/blocks,1479941268,9b44a3,200
ed2c1e,127.0.0.1,GET,http://localhost:8000/async/stack/show?items=10,1479941268,9b44a3,200
9b44a3,127.0.0.1,GET,http://localhost:8000/bolt/editcontent/blocks/3,1479941268,,200
f9c234,127.0.0.1,GET,http://localhost:8000/thumbs/100x100c/2016-11/ziekteverzuim.png,1479941268,,200
a29385,127.0.0.1,GET,http://localhost:8000/thumbs/100x100c/2016-11/bemiddeling.png,1479941269,,200
bd4770,127.0.0.1,POST,http://localhost:8000/bolt/editcontent/blocks/3?returnto=ajax,1479941390,,200
f57847,127.0.0.1,GET,http://localhost:8000/async/lastmodified/blocks,1479941397,5b9143,200
cf885a,127.0.0.1,GET,http://localhost:8000/async/stack/show?items=10,1479941397,5b9143,200
5b9143,127.0.0.1,GET,http://localhost:8000/bolt/editcontent/blocks/1,1479941397,,200
5801ec,127.0.0.1,GET,http://localhost:8000/thumbs/100x100c/2016-11/bemiddeling.png,1479941398,,200
8bc859,127.0.0.1,GET,http://localhost:8000/thumbs/100x100c/2016-11/ziekteverzuim.png,1479941398,,200
51e443,127.0.0.1,POST,http://localhost:8000/bolt/editcontent/blocks/1?returnto=ajax,1479941411,,200
afe5d9,127.0.0.1,GET,http://localhost:8000/ziekteverzuim/info,1479941414,,200
de7053,127.0.0.1,GET,http://localhost:8000/bemiddeling/info,1479941426,,200
96b852,127.0.0.1,GET,http://localhost:8000/,1479941649,,200
b85b28,127.0.0.1,GET,http://localhost:8000/thumbs/250x250c/2016-11/ziekteverzuim.png,1479941650,,200
d6f572,127.0.0.1,GET,http://localhost:8000/thumbs/250x250c/2016-11/bemiddeling.png,1479941650,,200
8f1d52,127.0.0.1,GET,http://localhost:8000/bolt/extend,1479942885,,200
aad7c8,127.0.0.1,GET,http://localhost:8000/bolt/extend/installed,1479942887,,200
137ca3,127.0.0.1,GET,http://localhost:8000/ziekteverzuim/preventie,1479942892,,200
aef255,127.0.0.1,GET,http://localhost:8000/ziekteverzuim/contact,1479942898,,200
f87c8f,127.0.0.1,GET,http://localhost:8000/ziekteverzuim/extensions/vendor/bolt/boltforms/web/boltforms.css,1479942898,,404
f8ad24,127.0.0.1,GET,http://localhost:8000/bolt/extend,1480007280,,200
203333,127.0.0.1,GET,http://localhost:8000/bolt/extend/installed,1480007282,,200
380f2b,127.0.0.1,GET,http://localhost:8000/bolt/extend,1480019358,,200
197f01,127.0.0.1,GET,http://localhost:8000/bolt/extend/installed,1480019360,,200
9dfee6,127.0.0.1,GET,http://localhost:8000/,1480019366,,200
038847,127.0.0.1,GET,http://localhost:8000/thumbs/250x250c/2016-11/ziekteverzuim.png,1480019366,,200
232228,127.0.0.1,GET,http://localhost:8000/thumbs/250x250c/2016-11/bemiddeling.png,1480019366,,200
7e1b84,127.0.0.1,GET,http://localhost:8000/bolt/file/edit/config/taxonomy.yml,1480020104,,200
acb305,127.0.0.1,POST,http://localhost:8000/bolt/file/edit/config/taxonomy.yml?returnto=ajax,1480020111,,200
ca948c,127.0.0.1,GET,http://localhost:8000/async/lastmodified/ziekteverzuim,1480020116,f5af6b,200
01d405,127.0.0.1,GET,http://localhost:8000/async/stack/show?items=10,1480020116,f5af6b,200
f5af6b,127.0.0.1,GET,http://localhost:8000/bolt/editcontent/ziekteverzuim/6,1480020116,,200
a2d7db,127.0.0.1,GET,http://localhost:8000/thumbs/100x100c/2016-11/ziekteverzuim.png,1480020116,,200
dd178f,127.0.0.1,GET,http://localhost:8000/thumbs/100x100c/2016-11/bemiddeling.png,1480020117,,200
b1c507,127.0.0.1,POST,http://localhost:8000/bolt/editcontent/ziekteverzuim/6?returnto=ajax,1480020123,,200
3fbf1b,127.0.0.1,GET,http://localhost:8000/async/lastmodified/bemiddeling,1480020129,f642ff,200
f3e667,127.0.0.1,GET,http://localhost:8000/async/stack/show?items=10,1480020129,f642ff,200
f642ff,127.0.0.1,GET,http://localhost:8000/bolt/editcontent/bemiddeling/5,1480020129,,200
5cc568,127.0.0.1,GET,http://localhost:8000/thumbs/100x100c/2016-11/ziekteverzuim.png,1480020129,,200
c470be,127.0.0.1,GET,http://localhost:8000/thumbs/100x100c/2016-11/bemiddeling.png,1480020130,,200
80a55e,127.0.0.1,POST,http://localhost:8000/bolt/editcontent/bemiddeling/5?returnto=ajax,1480020136,,200
32169d,127.0.0.1,POST,http://localhost:8000/bolt/editcontent/bemiddeling/5?returnto=ajax,1480020147,,200
ab12da,127.0.0.1,GET,http://localhost:8000/ziekteverzuim/info,1480020182,,200
feef7e,127.0.0.1,GET,http://localhost:8000/ziekteverzuim/contact,1480020186,,200
b8dbca,127.0.0.1,GET,http://localhost:8000/ziekteverzuim/extensions/vendor/bolt/boltforms/web/boltforms.css,1480020187,,404
32e184,127.0.0.1,GET,http://localhost:8000/ziekteverzuim/contact,1480020245,,200
f607dd,127.0.0.1,GET,http://localhost:8000/ziekteverzuim/extensions/vendor/bolt/boltforms/web/boltforms.css,1480020245,,404
fa9fe2,127.0.0.1,GET,http://localhost:8000/ziekteverzuim/contact,1480020303,,200
c68827,127.0.0.1,GET,http://localhost:8000/ziekteverzuim/extensions/vendor/bolt/boltforms/web/boltforms.css,1480020303,,404
c5776d,127.0.0.1,GET,http://localhost:8000/bemiddeling/contact,1480020314,,200
5345ea,127.0.0.1,GET,http://localhost:8000/bemiddeling/extensions/vendor/bolt/boltforms/web/boltforms.css,1480020315,,404
13d4fe,127.0.0.1,GET,http://localhost:8000/async/lastmodified/blocks,1480020354,2970c6,200
2970c6,127.0.0.1,GET,http://localhost:8000/bolt/overview/blocks,1480020354,,200
cc80f5,127.0.0.1,GET,http://localhost:8000/async/lastmodified/blocks,1480020381,2d6e13,200
2d6e13,127.0.0.1,GET,http://localhost:8000/bolt/overview/blocks,1480020381,,200
39d996,127.0.0.1,GET,http://localhost:8000/async/lastmodified/blocks,1480020386,0e168e,200
9cc4f4,127.0.0.1,GET,http://localhost:8000/async/stack/show?items=10,1480020386,0e168e,200
0e168e,127.0.0.1,GET,http://localhost:8000/bolt/editcontent/blocks,1480020386,,200
f1f7b2,127.0.0.1,GET,http://localhost:8000/thumbs/100x100c/2016-11/ziekteverzuim.png,1480020387,,200
28e8de,127.0.0.1,GET,http://localhost:8000/thumbs/100x100c/2016-11/bemiddeling.png,1480020387,,200
befd21,127.0.0.1,GET,http://localhost:8000/async/makeuri?contenttypeslug=blocks&fulluri=false&id=&slugfield=slug&title=,1480020388,,200
be78b5,127.0.0.1,GET,http://localhost:8000/async/makeuri?contenttypeslug=blocks&fulluri=false&id=&slugfield=slug&title=C,1480020389,,200
698a75,127.0.0.1,GET,http://localhost:8000/async/makeuri?contenttypeslug=blocks&fulluri=false&id=&slugfield=slug&title=Cont,1480020390,,200
0db9f4,127.0.0.1,GET,http://localhost:8000/async/makeuri?contenttypeslug=blocks&fulluri=false&id=&slugfield=slug&title=Contact,1480020391,,200
42ddb6,127.0.0.1,GET,http://localhost:8000/async/makeuri?contenttypeslug=blocks&fulluri=false&id=&slugfield=slug&title=Contact%20gegevn,1480020392,,200
0f4b58,127.0.0.1,GET,http://localhost:8000/async/makeuri?contenttypeslug=blocks&fulluri=false&id=&slugfield=slug&title=Contact%20gegevens,1480020393,,200
19b383,127.0.0.1,GET,http://localhost:8000/async/makeuri?contenttypeslug=blocks&fulluri=false&id=&slugfield=slug&title=Contact%20gegevens%20bemiddeling,1480020394,,200
3ece8a,127.0.0.1,GET,http://localhost:8000/async/makeuri?contenttypeslug=blocks&fulluri=false&id=&slugfield=slug&title=Contact%20gegevens%20bemiddeling,1480020395,,200
8e9b75,127.0.0.1,POST,http://localhost:8000/bolt/editcontent/blocks?returnto=new,1480020398,,302
61c174,127.0.0.1,GET,http://localhost:8000/async/lastmodified/blocks,1480020398,acbf47,200
1d4d98,127.0.0.1,GET,http://localhost:8000/async/stack/show?items=10,1480020398,acbf47,200
acbf47,127.0.0.1,GET,http://localhost:8000/bolt/editcontent/blocks/6,1480020398,,200
e8382a,127.0.0.1,GET,http://localhost:8000/thumbs/100x100c/2016-11/ziekteverzuim.png,1480020399,,200
18652d,127.0.0.1,GET,http://localhost:8000/thumbs/100x100c/2016-11/bemiddeling.png,1480020399,,200
02b7da,127.0.0.1,POST,http://localhost:8000/bolt/editcontent/blocks/6?returnto=ajax,1480020401,,200
890798,127.0.0.1,GET,http://localhost:8000/async/lastmodified/blocks,1480020415,6f6df1,200
6f6df1,127.0.0.1,GET,http://localhost:8000/bolt/overview/blocks,1480020415,,200
7b5080,127.0.0.1,GET,http://localhost:8000/async/lastmodified/blocks,1480020418,8ca018,200
600e9b,127.0.0.1,GET,http://localhost:8000/async/stack/show?items=10,1480020418,8ca018,200
8ca018,127.0.0.1,GET,http://localhost:8000/bolt/editcontent/blocks,1480020418,,200
c4a7be,127.0.0.1,GET,http://localhost:8000/thumbs/100x100c/2016-11/ziekteverzuim.png,1480020418,,200
6d3271,127.0.0.1,GET,http://localhost:8000/thumbs/100x100c/2016-11/bemiddeling.png,1480020418,,200
0ba6f5,127.0.0.1,GET,http://localhost:8000/async/makeuri?contenttypeslug=blocks&fulluri=false&id=&slugfield=slug&title=,1480020419,,200
69da47,127.0.0.1,GET,http://localhost:8000/async/makeuri?contenttypeslug=blocks&fulluri=false&id=&slugfield=slug&title=C,1480020420,,200
1b2629,127.0.0.1,GET,http://localhost:8000/async/makeuri?contenttypeslug=blocks&fulluri=false&id=&slugfield=slug&title=Cont,1480020421,,200
0a2480,127.0.0.1,GET,http://localhost:8000/async/makeuri?contenttypeslug=blocks&fulluri=false&id=&slugfield=slug&title=Contact%20geg,1480020422,,200
f8b659,127.0.0.1,GET,http://localhost:8000/async/makeuri?contenttypeslug=blocks&fulluri=false&id=&slugfield=slug&title=Contact%20gegevens%20ziekteverzuim,1480020423,,200
cc5dc8,127.0.0.1,POST,http://localhost:8000/bolt/editcontent/blocks?returnto=new,1480020441,,302
7ebdab,127.0.0.1,GET,http://localhost:8000/async/lastmodified/blocks,1480020441,86a2f8,200
880bc1,127.0.0.1,GET,http://localhost:8000/async/stack/show?items=10,1480020441,86a2f8,200
86a2f8,127.0.0.1,GET,http://localhost:8000/bolt/editcontent/blocks/7,1480020441,,200
a2de22,127.0.0.1,GET,http://localhost:8000/thumbs/100x100c/2016-11/ziekteverzuim.png,1480020442,,200
1eae8a,127.0.0.1,GET,http://localhost:8000/thumbs/100x100c/2016-11/bemiddeling.png,1480020442,,200
588ff2,127.0.0.1,GET,http://localhost:8000/bemiddeling/contact,1480020520,,200
5814fa,127.0.0.1,GET,http://localhost:8000/bemiddeling/extensions/vendor/bolt/boltforms/web/boltforms.css,1480020521,,404
7fb1c6,127.0.0.1,GET,http://localhost:8000/bemiddeling/contact,1480020539,,200
0156d2,127.0.0.1,GET,http://localhost:8000/bemiddeling/extensions/vendor/bolt/boltforms/web/boltforms.css,1480020539,,404
e8f041,127.0.0.1,POST,http://localhost:8000/bolt/editcontent/blocks/7?returnto=ajax,1480020560,,200
e1617d,127.0.0.1,POST,http://localhost:8000/bolt/editcontent/blocks/7?returnto=ajax,1480020569,,200
c29c41,127.0.0.1,GET,http://localhost:8000/async/lastmodified/blocks,1480020573,dfef3d,200
688e18,127.0.0.1,GET,http://localhost:8000/async/stack/show?items=10,1480020573,dfef3d,200
dfef3d,127.0.0.1,GET,http://localhost:8000/bolt/editcontent/blocks/6,1480020573,,200
9d9456,127.0.0.1,GET,http://localhost:8000/thumbs/100x100c/2016-11/ziekteverzuim.png,1480020574,,200
f17bad,127.0.0.1,GET,http://localhost:8000/thumbs/100x100c/2016-11/bemiddeling.png,1480020574,,200
9f881c,127.0.0.1,POST,http://localhost:8000/bolt/editcontent/blocks/6?returnto=ajax,1480020584,,200
409d8c,127.0.0.1,GET,http://localhost:8000/bemiddeling/contact,1480020646,,200
c1a842,127.0.0.1,GET,http://localhost:8000/bemiddeling/extensions/vendor/bolt/boltforms/web/boltforms.css,1480020647,,404
1f7427,127.0.0.1,POST,http://localhost:8000/bolt/editcontent/blocks/6?returnto=ajax,1480020683,,200
2c9790,127.0.0.1,POST,http://localhost:8000/bolt/editcontent/blocks/6?returnto=ajax,1480020704,,200
2c6e0a,127.0.0.1,GET,http://localhost:8000/bemiddeling/contact,1480020710,,200
54bebf,127.0.0.1,GET,http://localhost:8000/bemiddeling/extensions/vendor/bolt/boltforms/web/boltforms.css,1480020710,,404
376261,127.0.0.1,GET,http://localhost:8000/ziekteverzuim/info,1480020750,,500
772c8b,127.0.0.1,GET,http://localhost:8000/favicon.ico,1480020753,,404
00f134,127.0.0.1,GET,http://localhost:8000/ziekteverzuim/info,1480020772,,200
